Model,Accuracy,F1 (Macro),F1 (Weighted),F1 Dropout,F1 Enrolled,F1 Graduate
Decision Tree,0.36045197740112994,0.3271598837484498,0.3675465027861895,0.35051546391752575,0.18732782369146006,0.44363636363636366
SVM,0.4124293785310734,0.3222101227211696,0.38883225635413843,0.26746506986027946,0.14559386973180077,0.5535714285714286
CatBoost,0.4271186440677966,0.3211342358994061,0.3931755995334776,0.2525458248472505,0.13559322033898305,0.5752636625119847
Gradient Boosting,0.4271186440677966,0.31739190382213184,0.39123233247577166,0.2553191489361702,0.12244897959183673,0.5744075829383887
LogitBoost,0.4271186440677966,0.31739190382213184,0.39123233247577166,0.2553191489361702,0.12244897959183673,0.5744075829383887
Logistic Regression,0.3152542372881356,0.30651595801220655,0.3289467831343922,0.30597014925373134,0.23668639053254437,0.3768913342503439
Random Forest,0.43163841807909603,0.29869881554086886,0.3821758504119681,0.23404255319148937,0.07511737089201878,0.5869365225390984
XGBoost,0.41694915254237286,0.29130562235199814,0.3730228647619491,0.252,0.05853658536585366,0.5633802816901409
